review_id,stars,date,title,text,source,product,version,vote_count,place_name,address,city,state,latitude,longitude,google_rating,total_reviews_at_location
14186523677,5,2026-06-15,Awesome,"My daily driver, full of my custom muffles and mutes and none of the stuff I want to avoid. Support is great too.",app_store,Tapestry,1.10,0,,,,,,,,
14163033647,5,2026-06-09,Great way to view hobby content!,I’ve been trying to use Reddit less ever since their hostile take down of Apollo. Tapestry lets me consume the content of my hobby subreddits without having to use the god awful Reddit app! Plus I can add YouTube channels and blogs to the hobby feeds so all my info is in one place!,app_store,Tapestry,1.9,0,,,,,,,,
14094864924,1,2026-05-22,iPad app is blown up iPhone app,"The iPhone app is lovely. The iPad app, as best as I can tell, is a blown up version of the iPhone app. The screenshots on the App Store don’t reflect current app (or at least I can’t make it look like the screenshots after 30 minutes of fiddling). There is no way to have split panes with the list of articles on the left and the current article on the right.",app_store,Tapestry,1.9,0,,,,,,,,
14078897774,5,2026-05-18,The perfect app,This app is great. It takes away the noise of RSS and the Fediverse (and others) and packages the info in an incredibly refined user and design interface. Great job guys.,app_store,Tapestry,1.9,0,,,,,,,,
14034023982,5,2026-05-06,Everything you could want,I’ve had to for over a yr now and it’s completely changed how I use my phone I didn’t have any social media to begin with but now I get everything I want to see on the internet in one timeline.,app_store,Tapestry,1.9,0,,,,,,,,
13987034503,5,2026-04-22,My RSS and social media app of choice,"I have been using it for 3 months now, everyday.  The fact that each type of feed has a different color is soooo helpful!! Bluesky is Blue, youtube is red and so on  I am more active on mastodon, bluesky and I am actually reading more because of this blog  I also use it to follow youtubers I like in order toa aboid the Youtube algorithm.  I also have a lot of medical Journal and I’m using it to follow them in order to see the posts without needing to check each website. I know any rss can do it but I choose tapestry becausr of how beautiful it is, how i can open the post in the app of my choice and because it integrated all my feeds together   I love love love this app and I am a very happy premium subscriber",app_store,Tapestry,1.8,0,,,,,,,,
13943648993,2,2026-04-10,White flash in dark mode,"After updating to the latest version (1.8) I believe, there’s a weird white flash every other time I open the app. I am using dark mode and it’s very disorienting",app_store,Tapestry,1.8,0,,,,,,,,
13922355572,5,2026-04-04,Absolutely fantastic!,"Huge fan of this app! I love the functionality and the UI is wonderful, like all of their apps.",app_store,Tapestry,1.7,0,,,,,,,,
13781450157,5,2026-02-23,Amazingly versatile,"I have timelines with single user accounts, one with my mastodon + Bluesky feed, a whole cohort of different news sources in another, and so many more. So fun to limit and expand what I want to see when I want to see it. While I wait for a complete  Bluesky client I enjoy - I dig this heavy and it was an immediate download / subscribe. Amazing work, amazing team, amazing design and fun! If more apps were this fun - the world would be a lot more bearable.",app_store,Tapestry,1.7,0,,,,,,,,
13735373191,5,2026-02-10,Amazing app from the Iconfactory crew!,"Fantastic app for Mastodon & Bluesky (and more). I love how you can have multiple Bluesky accounts in the same timeline with different colors. The tricky thing I’d love to see is the ability to post from Tapestry directly to Bluesky. Otherwise, perfect app for me!",app_store,Tapestry,1.6,0,,,,,,,,
13720289776,5,2026-02-06,Muffles cross posts!,"The feature that muffles cross posting alone makes tapestry worth it, but it’s a well designed app anyway. It provides an easy way to get back to the native apps/web versions if you need it, but I rarely do.",app_store,Tapestry,1.6,0,,,,,,,,
13719703261,5,2026-02-06,Replace all of your scrolling apps with one,"Great app, great UI, has never failed me and has a feature to remove “cross talk” when you might get multiple sources with the same information. The developer is amazing and not a giant, nameless corporation.",app_store,Tapestry,1.6,0,,,,,,,,
13719695276,5,2026-02-06,Obsessed,"LOVE this app. I have one feed for YouTube, Reddit, Mastodon, and Bluesky. I’m on it all day every day on iOS and macOS. Can’t live without it.",app_store,Tapestry,1.6,0,,,,,,,,
13648623674,2,2026-01-18,You need to update screenshots,"This is just more of the same iPad apps with wasted UI. The app is Ok, but the settings are buried and not intuitive. I tried the monthly subscription because I thought I was getting the app in the screenshots - cancelled because it is not. Just one infinite scroll that just uses the left side of the screen. Also the one time price apparently seems to be exactly that - a ONE time offer. Don’t try to subscribe and then think you can reconsider.",app_store,Tapestry,1.6,0,,,,,,,,
13562889153,3,2025-12-27,Liquid Glass,"Honestly, I know Liquid Glass is controversial in its own right but I’m confused why it’s not even implemented properly? Instead of the tab bar on the bottom, there’s these tiny even MORE difficult to see individual buttons. Just kinda ruins the experience from pre-liquid glass update for me.",app_store,Tapestry,1.6,0,,,,,,,,
13539184794,4,2025-12-21,Excellent app,"I love that I can get my feeds, BSky and Mastodon in one place. I do hope they can support quote posts in Mastodon soon!",app_store,Tapestry,1.6,0,,,,,,,,
13522585204,5,2025-12-16,A better way,If people only understood what they are missing by not utilizing this app… quickly became my favorite news feed.,app_store,Tapestry,1.6,0,,,,,,,,
13420787292,3,2025-11-20,One bothersome flaw,"In general, I’m really enjoying Tapestry. As I transition to it from Reeder (the newer version), though, I’m noticing a bothersome flaw. While Reeder drops things into my feed as they come in, even if the actual post date was prior to the last load, Tapestry seems to sort them by post date no matter when they load into my feed - which means that if Tapestry loads something just now that came in an hour ago, and I’m already past that point in the feed, that older post is buried in the past and I never see it. It doesn’t show up as new for me, even though it is. If there is one thing I need in an app like this, it is to be able to trust that I will not miss a post.",app_store,Tapestry,1.5,0,,,,,,,,
13404888869,5,2025-11-16,Instantly bumped to Home Screen page 1!,This app is so unique and wonderful! I no longer have to check multiple social media apps and all my feeds can be seamlessly combined. Love that it has a global mute feature so you can filter out certain keywords across all feeds.,app_store,Tapestry,1.5,0,,,,,,,,
13397471526,5,2025-11-14,Best feed reader+ out there,"This app is incredible, and the team that make it are fantastic as well. I am not a power user of this product, so I know I am only scratching the surface of what it can do, but this has filled the gaping hole that Google’s feed reader left when those schmucks canned it.",app_store,Tapestry,1.5,0,,,,,,,,
13360784238,5,2025-11-05,Great App!,"I’ve been using Tapestry since it was released, but I didn’t appreciate how great it was until recently. The lightbulb finally lit when I figured out that you can follow specific Mastodon and Bluesky accounts to see posts and replies. You don’t even need to have accounts on those services.  I acknowledge that this steers more toward a consumer of rather than a creator to social media, but I’m ok with that.   Tapestry allows me to follow what I’m interested in and presents it in a way that I can control.  p.s. you can’t go wrong with an app from The Iconfactory.",app_store,Tapestry,1.4,0,,,,,,,,
13233991701,5,2025-10-06,Best Combined Feed App Available!,"Like I said in the title, this is THE best combined feed app on the App Store. You get everything from RSS, Mastodon, and Bluesky to Reddit, YouTube, and more! The premium features don’t cost too much either so if you want some more customization, it’s not gonna break the bank. Even without the premium features, you get access to every feature you need to have a good time using the app. Also, if you have a feature request or notice any bugs, contacting them is really easy and they get back to you very quickly! I have nothing bad to say about this app. Download it already!",app_store,Tapestry,1.3,0,,,,,,,,
13205792580,3,2025-09-30,Oof,IOS26 and Liquid Glass has really made great developers look like design school dropouts outs. This new UX is horrid. Buttons are barely visible without a visual anchor. Buttons are all over the screen requiring finger gymnastics and hand switching to do basic tasks. Interfaces like this make it feel unsafe using a thousand dollar device.,app_store,Tapestry,1.3,1,,,,,,,,
13006111177,3,2025-08-12,Buggy,Nice app but it’s very very buggy.  Very.  Needs the ability to control feed update frequency because the app beats rss feeds to death with overly frequent feed requests.,app_store,Tapestry,1.2.2,1,,,,,,,,
12955719471,5,2025-07-30,Replaces all other social media apps,"I cannot state just how much I LOVE this app. It has become the only app I use for “news”. I’m able to subscribe to my RSS feeds, follow users on bluesky and follow individual websites. Everything is in chronological order and ZERO algorithms. The best part for me though is the fact that I can filter and mute anything that is either uninteresting or stress inducing. For example, I’m subscribed to my local news website and I can mute anything and everything related to politics and still be informed of things going on that are still important. I get to choose what I read with Tapestry and that is huge for me. I did the paid version on day one and it has been worth every cent!  No joke, when I see that there is an update to the app, I legit get excited because this app is SO awesome!",app_store,Tapestry,1.2.2,0,,,,,,,,
12909675058,5,2025-07-19,Love this app,"I love this way to consume my RSS and social media feeds. I can categorize them if I want, and if I miss something, I can either dive into the individual feed or just let it go. I’ll never get around to reading everything. All tied up with The Iconfactory’s beautiful, whimsical finish. This app is a joy to use.",app_store,Tapestry,1.2.2,0,,,,,,,,
12877467335,2,2025-07-10,Unfinished,"A unified client for all your feeds is a great idea but lack of “mark read” feature and thumbnails makes it very unrealistic to use this.  I thought it would be convenient to replace Feedly, an activitypub app, and my podcast app with Tapestry but no way to remove consumed content makes it impossible to navigate.",app_store,Tapestry,1.2.2,1,,,,,,,,
12836566640,5,2025-06-30,The good old days of social media,"This is a near perfect app for someone who used to use Twitter back when you could keep everything in sequential order and the only feeds on your timeline were the ones that you specifically followed- now you can load blog RSS’s, blue sky, mastodon feeds, substack links, etc; and get to see them all in order right where you left off browsing only when the people you care about post. It’s wonderful.",app_store,Tapestry,1.2.1,0,,,,,,,,
12794479332,5,2025-06-19,Feeds Wrangled,"Tapestry is a rare app that understands the modern digital mess and dares to tame it. My favorite feature? Its ability to consolidate multiple social and news feeds into one clean, unified timeline. Instead of bouncing between four or five apps, I now get everything I care about in one elegantly designed space. It’s smart, efficient, and beautifully executed. I can’t wait to see how it evolves—this is the kind of thoughtful development the Iconfactory is known for. Thanks!!",app_store,Tapestry,1.2.1,1,,,,,,,,
12759442677,2,2025-06-10,Subscription for features offered free elsewhere,"I enjoy the app and it's my favorite way to ingest news and updates. However, it's subscription model is a bit arbitrary, especially for something that's ultimately straightforward. Flipboard's Surf app is essentially the same but allows users to customize exclusions and multiple feeds for free, rather than hitting a recurring paywall for them",app_store,Tapestry,1.2.1,1,,,,,,,,
12757767542,5,2025-06-10,The One Feed to Rule Them All,"The last few updates to this app have made it my daily driver for Bluesky, Mastodon, and RSS. LOVE IT!",app_store,Tapestry,1.2.1,1,,,,,,,,
12750994486,5,2025-06-08,Already great and continually improved,The free version has more features than most apps have in their paid version. It’s visually clean and beautiful. I have four feeds and Tapestry clearly delineates them so I never wonder what’s what.  The refinements and options keep pouring in with frequent updates. So much good stuff!,app_store,Tapestry,1.2.1,2,,,,,,,,
12713178489,4,2025-05-29,I wish I could have Muffles for the entire internet,I’m a huge fan of the universal timeline. It’s a wonderful evolution on media consumption.   The absolute best feature of it though is its Muffle/Mutes feature and that they’re global across RSS feeds and social media posts is amazing.,app_store,Tapestry,1.2,0,,,,,,,,
12675898488,5,2025-05-19,Expertly weaves together all my content sources,"Tapestry is one of those apps that make one wonder why one waited so long to use them. It might be a little intimidating, setting it up and moving everything over, but stick with it. It’s so flexible, and so much attention has been paid to every detail; in very little time, you’ll make it yours and wonder how you got on without it.   It’s also kind of amazing to start using an app when it’s still pretty new: every update delivers the delight of unwrapping a lovely gift. The team developing Tapestry welcome feedback and are wonderfully responsive across avenues of communication.   I find Tapestry a real joy; I look forward to using it every day, and contributing to its evolution.",app_store,Tapestry,1.1.1,1,,,,,,,,
12585734598,5,2025-04-25,Don’t know why I waited so long to download this…,"Was tired of jumping back and forth between Mastodon and Bluesky. Gave this a try and ended up subscribing after less than 5 minutes. Love it and can’t wait to see how it evolves over the next few months.  I just wish the app displayed threads or even gave indication that a post is part of a longer thread. If a post author on Mastodon / Bluesky attaches more posts beneath their initial post, there is no way of seeing that in the feed.",app_store,Tapestry,1.1.1,1,,,,,,,,
12519859766,5,2025-04-08,Great!,"I was an original backer, I got everything I was looking for.",app_store,Tapestry,1.1,0,,,,,,,,
12519271989,5,2025-04-08,Crosstalk is a game changer,"The continued pace of updates by IconFactory is unmatched!   With so many other feed readers, duplication of content is a problem across feeds. Crosstalk on Tapestry is a total game changer, helping to reduce multiple copies of the same content.   Thanks for the new feature!",app_store,Tapestry,1.1,0,,,,,,,,
12518505075,5,2025-04-08,Great start!,As a backer I’m already enjoying my first day with this app. A ton of potential and already looking to take over glee I approach feeds. Updating the review at 1.1. We’re only getting better!,app_store,Tapestry,1.1,0,,,,,,,,
12502283039,5,2025-04-04,"Better Reading, Less FOMO","Leave it to Iconfactory to come up with an app that is far better for reading RSS feeds, social media, and so much more, yet help relieve the self-imposed pressure to stay on top of everything. It’s so easy to add new sources to the app and the ability to add third-party connectors opens up even more sources of information. The timeline view of everything (No algorithms. Yay!) took me a little while to get used to, but now, I love it. I just pick up reading where I left off or easily move to the latest. I’m reading far more now than when I had a traditional RSS reader.",app_store,Tapestry,1.0.3,0,,,,,,,,
12487207589,5,2025-03-31,Why require a lifetime subscription just for one custom timeline?,"I love this app and everything it does. The main reason I use it is in order to maintain a single custom timeline. Just one. However, I’m not able to edit or reconfigure this timeline unless my subscription to Tapestry Pro is still active. Why should I have to pay $1.99 every time I want to change this one timeline? I would rather just pay a single fee and be done with it. The fact that using a single custom timeline requires a permanent subscription is a huge black stain on an otherwise perfect app. If Tapestry ever offers the option to pay once and get one or two custom timelines for life, then I’ll pay for that upfront and continue using Tapestry. Until then, however, I’ll continue looking for alternatives.",app_store,Tapestry,1.0.3,0,,,,,,,,
12468597859,4,2025-03-26,Almost 5 stars,"Such a great app, but it needs a large widget for feeds to display.",app_store,Tapestry,1.0.3,0,,,,,,,,
12459149837,3,2025-03-24,Not there yet.,"It’s pretty, but it suffers from the absence of utility.",app_store,Tapestry,1.0.3,2,,,,,,,,
12423620403,2,2025-03-15,Reader only?,"I was looking for an app that would let me view multiple feeds from multiple sources, I was excited to find Tapestry. But it seems it limits you to viewing posts. There is an option to share but I haven’t found a way to interact with the social posts in my feed. Also, it would be very much preferred to have these feeds in separate columns. A single column leaves a lot to be missed unless I scroll, scroll, scroll backwards to find older posts.",app_store,Tapestry,1.0.3,0,,,,,,,,
12419546730,5,2025-03-14,Good at what it does.,"I use Tapestry to keep an eye on low volume, but important to me blogs, YouTube channels, and posters on various sites. It did take a little bit of getting used to, but that’s because it was brand new to my workflow. Now that I use it daily, I almost wish that I had more content to put into it.",app_store,Tapestry,1.0.3,0,,,,,,,,
12382385913,5,2025-03-04,I LOVE TAPESTRY!!! 😀😍🎉🕺,The “not exactly an rss reader” rss reader I have always wanted!!!,app_store,Tapestry,1.0.3,0,,,,,,,,
12377732337,5,2025-03-03,"Welcome Back To Chronological Timelines, How I’ve Missed You","I’ve been using Tapestry for just about a month, and I honestly love how easy it is to combine Reddit, Bluesky, and other web sources into a chronological timeline that I HAVE CONTROL OF. I can’t stress this enough; being able to see things as they happen in chronological order is a game changer and brings back one of the things I’ve missed about the web. Stellar design makes the app shine. I’m excited for what’s next with the app, and I’m happy to pay monthly to keep this thing going. Well done, Iconfactory Team!",app_store,Tapestry,1.0.3,1,,,,,,,,
12346572433,5,2025-02-23,An Indispensable App,"Tapestry has quickly risen to become one of my most used.  It replaced three of my most frequently used apps. I have created three custom feeds, one for Mastodon and Bluesky, one for RSS feeds and one for Youtube feeds. I look forward to seeing where it goes from here. It is the perfect app for the web as it is in 2025.",app_store,Tapestry,1.0.2,0,,,,,,,,
12330653260,1,2025-02-19,Useless Forever,"Without a way to mark things as read, no point in putting them in a timeline.   It seems this is Tapestry’s “philosophy,” but it’s a bad one. The app will always be useless to me if they have chosen not to implement the basic features expected in every other RSS reader.",app_store,Tapestry,1.0.2,1,,,,,,,,
12329729404,5,2025-02-19,Great Start,"This app has become my go-to daily news reader. It may take some time and effort to find all the sources, but once you do, it’s an incredible experience. The connections to Bluesky and Reddit are also fantastic. It’s one of the few apps I’ve actually bought a subscription to.",app_store,Tapestry,1.0.2,0,,,,,,,,
12312666457,5,2025-02-14,Solid Foundations,"The timeline position is rock solid. Even if I prefer certain design decisions in Reeder better, Tapestry is so much more of a joy to use.  The mutes and muffles are super useful (wish there were faster ways to mute an account directly from the timeline)  Can’t wait for the ability to like and reply to social posts!",app_store,Tapestry,1.0.1,0,,,,,,,,
12308714503,5,2025-02-13,"Colorful, clean, and buttery smooth",I saw the app on kickstarter and almost backed it. I wish I would have. The finished app is very elegant. The colors are bright and actually add a lot to the UX. It breaks up the feed. Idk why but that alone actually makes a big difference when I’m going through feeds. So clean and smooth. I really enjoy it.,app_store,Tapestry,1.0.1,0,,,,,,,,
12308685943,5,2025-02-13,Such a clever idea!,"Integrating multiple different social networks is an obvious and good idea, but providing a way for users to supply their own connectors is brilliant. Be sure to check out Tapestry Loom on Mac! Everything from the Iconfactory is an insta-buy and this is no exception.",app_store,Tapestry,1.0.1,0,,,,,,,,
12299585920,5,2025-02-11,"Beautiful, elegant, simple","I love this app, and i've only had it for like a couple hours! Recommended to anyone who wants most of their feeds in one simple and elegant place!",app_store,Tapestry,1.0.1,0,,,,,,,,
12282682932,4,2025-02-07,Solid Start,"I really like this app. It’s nice to have things in one place and have the ability to use my rules to mute/muffle or not various topics.  One downside is finding out how many of the news sources that I would like don’t support the connectors that Tapestry supports, but sadly walled gardens are walled gardens.  I would LOVE for rules to be a bit more useful for my use cases (such as muffling or muting during set periods and becoming inactive outside of that, but turning on/off a rule is relatively painless). Or a feed or feeds could ONLY show items that met their particular rule, as so many feeds give you a firehose of topics.  I’d also love to see a place where users could share their feeds to find some feeds that others have already found.  Either way, an awesome start and I can’t wait to see how it evolves.",app_store,Tapestry,1.0.1,0,,,,,,,,
12282677993,5,2025-02-07,Flexible timeline app,"I’m loving Tapestry so far. I understand why content creators aren’t sold on it because they have to engage with their audiences (and this is read-only for now), but many folks just consume social media, and it makes a lot of sense to read posts alongside RSS. It’s useful for me to see what people are saying about the news alongside it. I’m still using Mastodon in Ivory because I engage there, but that’s the beauty of Tapestry — you can build it into what works for you. Great work!",app_store,Tapestry,1.0.1,0,,,,,,,,
12282550053,4,2025-02-07,Solid Start,"I really like this app. It’s nice to have things in one place and have the ability to use my rules to mute/muffle or not various topics.  One downside is finding out how many of the news sources that I would like don’t support the connectors that Tapestry supports, but sadly walled gardens are walled gardens.  I would LOVE for rules to be a bit more useful for my use cases (such as muffling or muting during set periods and becoming inactive outside of that, but turning on/off a rule is relatively painless). Or a feed or feeds could ONLY show items that met their particular rule, as so many feeds give you a firehose of topics.  I’d also love to see a place where users could share their feeds to find some feeds that others have already found.  Either way, an awesome start and I can’t wait to see how it evolves.",app_store,Tapestry,1.0.1,3,,,,,,,,
12280762877,2,2025-02-06,Failed at the first hurdle,"I wanted to love this app to streamline my morning read. However, failed to load YouTube consistently and couldn’t get the Gaurdian feed either.",app_store,Tapestry,1.0.1,0,,,,,,,,
12279420056,2,2025-02-06,Extremely Buggy,"Was excited to test this out, but bugs are cringe-worthy. The most egregious is the borked interface when rotating between landscape and portrait. (Devs: Add a feed, go landscape, scroll to bottom, then go portrait.) It even freezes the Springboard when attempting to screenshot the former.",app_store,Tapestry,1.0,0,,,,,,,,
12278436887,4,2025-02-06,Potential,"It’s a nice start, but it’s nowhere near finished.  Apparently we can import custom “connectors” but there’s nothing documented anywhere about where they come from or when more might be added.  Certainly no word on how to create your own. But the ability to import disparate feeds?  That’s pretty cool.",app_store,Tapestry,1.0,0,,,,,,,,
12277883318,5,2025-02-06,This app is everything,"I normally spend my day bouncing from one app to another refreshing the feed to see if I can find another little dopamine hit for my monkey brain. Since starting to use Tapestry and loading it up with all the feeds I care about, I have one place that I check, then my phone goes away. I feel like I've reclaimed time every day, which makes this app invaluable and deserves 5 stars.   That's not to say it's perfect. I actually really like the aesthetic unlike some other folks I see out there, but here are some bits of functionality I would like to see:  - A global option to choose where to open certain types of links. For example, in a YouTube feed I can tell it to open in YouTube, but if someone posts a link on Mastodon to a YouTube video, it opens in the app browser.  - Settings that are semi-global, only applying to a particular feed type/connector. For example, I never want descriptions for my YouTube videos, and I always want them to open in the YouTube app. Currently I have to make sure I set those correctly when I add the feed, and if I ever change my mind I have to go change the setting on each individual feed.   I'm sure I could think of others but these are the two I've noticed the most.   Great job with the app folks, what an exciting v1.",app_store,Tapestry,1.0,0,,,,,,,,
12277358114,5,2025-02-06,FINALLY! one timeline,Tapestry is an excellent app for most of your media consumption. Having everything in a single timeline restores context to an otherwise fragmented stream of disparate pieces of information.,app_store,Tapestry,1.0,0,,,,,,,,
12276858911,5,2025-02-06,Makes lots of feeds manageable,"I already have an RSS reader, sure, but this does so much more. It’s a beautiful, easy-to-use way to keep a handle on a whole bunch of different feeds. I use if for a handful of things which don’t provide rss, *in addition to* the ~2 “normal” RSS feeds I want to make sure to keep up on. Everything goes in the “normal” RSS reader… where I’ll check it once a week, maybe. :-/ Yes, it’s read-only, but it does a nice job of linking you into the source to interact when you care to. I’m very excited about custom feeds, which Imm only getting started with.",app_store,Tapestry,1.0,0,,,,,,,,
12276767959,5,2025-02-05,Best of the web,"Tapestry allows you to weave together a curated list of your favorite places on the internet!! You can even muffle phrases, add custom lists - it's a fantastic place to gather RSS, podcasts, you name it. Iconfactory cares about a good user experience and this app no different.",app_store,Tapestry,1.0,0,,,,,,,,
12276447550,5,2025-02-05,Social Reader,"Honestly, Tapestry took me a bit to figure out my personal use case. I was in the beta and it was a few weeks (months?) but realizing I could read Mastodon and Bluesky feeds together was game changer for me. I only have cursory interest in Bluesky and but wanted to keep up with what some folks were posting without ever needing to really react (though could by be taken to the original post from Tapestry). Don’t go in thinking it’s just RSS. Explore it and take time with it.",app_store,Tapestry,1.0,0,,,,,,,,
12276358258,5,2025-02-05,Great RSS reader,"This is a beautiful and very well designed RSS reader, but also so much more! As a bonus you can also hook it up to Mastodon, Bluesky, Youtube, etc. Almost anything on the web can be connected to provide for a nice untied feed of all the stuff you’re interested in without all the unnecessary fluff!",app_store,Tapestry,1.0,0,,,,,,,,
12276243993,5,2025-02-05,Awesome app,Great way to pull together feeds of all different types in a single spot!,app_store,Tapestry,1.0,0,,,,,,,,
12276228186,5,2025-02-05,Spiffy timeline app,"Tapestry is newcomer joining the timeline app category, such as Reeder. As one of the leaders of pre-Elon Twitter client, Twitterific, Tapestry boosts a strong paradigm for reading multiple timeline sources in a single timeline.  I created multiple timelines based on a category. For instance, a Comics timeline has a collection of my favorite comics. Another for Tech, News, and Entertainment.  In this early days, you need to tinker a bit to get a great collection of open standard based contents, but the end result is ad-free, stress-free experience.",app_store,Tapestry,1.0,0,,,,,,,,
12276181135,5,2025-02-05,Another Iconfactory Icon,"I first learned about Twitter from being a fan of Iconfactory. An amazing, opinionated app, Twitteriffic was reason enough to try the new microblogging platform that nobody I knew was using. That was 15 years ago.  Today, Iconfactory is showing the way again. The future is federated, free, and personal. Tapestry is a lovely and — again — opinionated app, that shapes as much as predicts the future. I’m all in.",app_store,Tapestry,1.0,1,,,,,,,,
12276143090,5,2025-02-05,NO OPML EXPORT,"Love the app, but won't spend my $ until there is an export OPML function to compliment the import OPML function. I'm fine if this feature is behind the paywall.",app_store,Tapestry,1.0,0,,,,,,,,
12276087079,5,2025-02-05,They Did it Again,"From the creators of one of the best Twitter apps ever, (RIP Twitterific) the Iconfactory have outdone themselves by making the best feed reader/social networking client currently available. The fact that it’s the only currently available BlueSky client that doesn’t require a subscription to save your place on the timeline already makes it better than 90% of the clients out there. A great looking 1.0 app that has plenty of potential to grow into a replacement for all your social media and RSS reader apps in the future. Fully featured for free with some great enhancements for a small monthly subscription or you can make a lifetime purchase make this a no brainer. Try it, I bet you’ll like it.",app_store,Tapestry,1.0,0,,,,,,,,
12276053227,1,2025-02-05,Doesn’t work,Pass,app_store,Tapestry,1.0,0,,,,,,,,
12276046951,5,2025-02-05,The Open Web,"This is a great start to letting users re-embrace the open-web. Being able to build your own connectors for any source of information and have it in your own personal unified timeline is amazing.   In a time of engage baiting, outrage inducing, algorithm driven timelines, this is the tonic we need.",app_store,Tapestry,1.0,0,,,,,,,,
12276032583,5,2025-02-05,Chronological Timeline Across Multiple Feeds - What I’ve been begging for,I have accounts on most of major social media sites plus I still read several blogs. However I despise the algorithmic feeds of all of them. Tapestry lets me check in on all of them and see the posts in a timeline that makes sense.,app_store,Tapestry,1.0,0,,,,,,,,
12276014016,5,2025-02-05,Many Platforms in one App,I love Tapestry for viewing content from so many platforms in one place. It’s way more than just an RSS reader!,app_store,Tapestry,1.0,0,,,,,,,,
12275972549,5,2025-02-05,Another wonderful app by Iconfactory,"If you want to create your own timelines drawn from a wide variety of social media and other online sources, Iconfactory has created a beautifully crafted app in which to do so. Their attention to detail is second to none. I love the ability to create universal filters to muffle things like spoilers for shows or politics when you want to focus on football. Happily subscribed to support further development on an excellent launch version.",app_store,Tapestry,1.0,1,,,,,,,,
12275966784,5,2025-02-05,Feeds on feeds on feeds on feeds on feeds on…,"What an incredible app. Part feed reader, part decentralized social media. Very extensible, so I’m excited to see what sort of community support comes up around it. Would love to see posting or interactions in the future, but for now I’m very happy with what it is. Excellent job.",app_store,Tapestry,1.0,1,,,,,,,,
12275955281,5,2025-02-05,Beyond Amazing,Waited a couple years for this app and it was worth it! Everything I want to check up on in one chronological place.,app_store,Tapestry,1.0,0,,,,,,,,
12275926268,5,2025-02-05,Love it,"I was skeptical I needed this app, but I love it so far! It’s making me actually pay attention to Bluesky, the official app of which is not great",app_store,Tapestry,1.0,0,,,,,,,,
12275920393,5,2025-02-05,Finally!,Finally a way to read Bluesky that saves your place in the timeline when you leave the app.,app_store,Tapestry,1.0,0,,,,,,,,
12275907958,5,2025-02-05,Fun way to browse diverse sources,"RSS readers aren’t new. But this is a fun take on the read-only mixed source timeline. It can be social media sources, YouTube, blogs, whatever. It’s like a timeline in that it’s not intended to track progress. Just read some and put away.",app_store,Tapestry,1.0,0,,,,,,,,
12275905290,5,2025-02-05,Wonderful idea with better execution,We need more decentralized feed reading apps which bring us closer to the open web. Iconfactory has more than succeeded with Tapestry and I look forward to future updates!,app_store,Tapestry,1.0,0,,,,,,,,
12275694830,4,2025-02-05,A good start,"I could see this becoming a daily app for me. I really like how it strips out a lot of the annoyances you see on most services. The colors, fonts and proportions need a bit of work. I would also like to see a view somewhere in between collapsed and expanded. Maybe something like compact?  I’d also like the option to select how different connections appear? (E.g. I want “collapsed” posts from slickdeals and expanded posts for everything else.)  Bulk entry of accounts for popular services (YouTube, Bluesky) would be cool too.",app_store,Tapestry,1.0,0,,,,,,,,
12274417841,5,2025-02-05,A Promising Feed Reader That’s Almost There,"I’ve been really enjoying Tapestry’s vibrant, unified timeline that brings together Mastodon, BlueSky, YouTube, podcasts, and more in a beautifully organized, chronological feed. The colorful interface and powerful filtering options (like keyword muting) have made my content consumption so much more enjoyable. It’s a refreshing departure from algorithm-driven feeds and a true nod to the classic RSS experience. It is the first one of these new “reeder” apps that has clicked form me—I’ve tried Surf by Flipboard, Reeder, and Feeed.  That said, there are a few feature ideas I’d love to see in future updates:  • Unique Newsletter Connector: A dedicated email address (a la FeedBin) for subscribing to newsletters would be fantastic. I don’t want clutter in my regular inbox, but having these newsletters flow directly into Tapestry would be a game changer.  • Enhanced Reply View: It would be amazing to swipe into a detailed view where I can see not only the main post but also its replies—including any quoted content—to get better context.  • Custom Timeline Profiles: The ability to add individual profiles from Mastodon and BlueSky into dedicated timelines would let me curate my feed even more precisely.  • In-App Engagement: I’d love to be able to like posts on Mastodon and BlueSky directly within Tapestry, so I can support my favorite authors without needing to jump between apps.  • Post Consolidation: Consolidating similar posts across different connectors would help reduce redundancy and make the timeline even cleaner.  • Improved Mute Functionality: Finally, it would be great if the mute feature applied to quoted content as well as the main post, ensuring a more consistent filtering experience.  • The placement of the settings icon feels a bit awkward, and I’m not a fan of the default font—especially in the header, which can’t be changed even as a subscriber.  I also love how Tapestry reliably keeps my place in the timeline, complete with an indicator showing how many posts away from the “top” I am. This, along with its excellent formatting of the content it pulls in, makes it my favorite way to read outlets like The Verge (aside from visiting their website directly).  Overall, Tapestry is an innovative and beautifully designed app that redefines how we read our feeds. With these tweaks, it could become even more indispensable. I’m excited to see how the development team builds on this solid foundation!",app_store,Tapestry,1.0,0,,,,,,,,
12274413202,3,2025-02-05,Promising app hobbled by tough reading experience,"I love the idea of Tapestry, and its potential to consolidate three of my most-used apps. However, the reading experience is hard to get past. Every post lives in its own card and has a colored background. This is an app dedicated to presenting things to read, but it won’t let us see black text on a white background or vice-versa while. At the same time, it wastes a lot of screen real estate on margins around each of these cards.   Making things worse is that there’s no control over font size.  Finally, there needs to be a connection type for RSS services like Feedbin, rather than only allowing an OPML file import that turns each subscription into its own feed.  For Tapestry’s ambition however, the price is quite low. I’d be happy paying twice as much to ensure timely updates.",app_store,Tapestry,1.0,0,,,,,,,,
12273841709,5,2025-02-05,Fun. Fast. Provocative.,"So good. An app with attitude, as we’ve come to expect from The Iconfactory. We need more good apps we don’t fully agree with.",app_store,Tapestry,1.0,0,,,,,,,,
12272200308,5,2025-02-04,The one to beat,Delightful animation - check.  Quirky UX - check.  Cute icons and thoughtful little details - check  No replies or reposts - didn’t ask for it because I didn’t know I wanted it.   I wish things were easier to add and I suspect connections will be less taps away in the future.   Fantastic v1 folks!!,app_store,Tapestry,1.0,0,,,,,,,,
12272180769,4,2025-02-04,Awesome! But I Want A Bit More Flexibility,I love what this app is doing!  Puts everything relevant or interesting to me front and center.      My only 2 requests. I wish I could swipe to mark as read…where the post would then minimize to a smaller size to let me know I’ve already digested this info.      My second request is to allow me to apply specific muffles to specific timelines.      These two features would make this app irreplaceable for me!,app_store,Tapestry,1.0,0,,,,,,,,
12272141833,2,2025-02-04,Still beta,Great concept. I have no doubt it we’ll get there in a few versions. Right now it fails on Opml import. Blue sky integration also fails/so not intuitive that it doesn’t work. Maybe it’s me. Not as frictionless as reeder or Readwise. I expect it will get there just not there yet.,app_store,Tapestry,1.0,1,,,,,,,,
12271543101,1,2025-02-04,Nope.,"Nothing works. I guess if you want to read whatever they push to you…If you want to add your Bluesky feed you have to, somehow, disable 2FA? And how do I add my Feedly feed? Who knows?",app_store,Tapestry,1.0,1,,,,,,,,
12271023150,2,2025-02-04,A Pretty RSS Reader,"Tapestry by Iconfactory is a beautifully designed app. The problem is that it’s of little use if you have no need for an RSS reader. Although you can include Mastodon and Bluesky accounts in your feed, you can’t do anything with them. Want to participate in a thread? Sorry, you can’t do that. So, at the end of the day, Tapestry is a beautiful RSS reader. Which then begs the question: Is it worth the subscription? No, it isn’t.",app_store,Tapestry,1.0,3,,,,,,,,
12270938638,1,2025-02-04,Not a great start,First integration connector I chose was Bluesky. Immediately failed. Checked the help section.  -Confirmed email  -Confirmed password -No 2FA enabled  App deleted. I’ll try again when it’s more polished,app_store,Tapestry,1.0,2,,,,,,,,
12270915634,5,2025-02-04,This feels like home,"I’ve been waiting for this for a long time. A place where everything is collected & shown from all the sources I know & trust. These devs have always brought me joy & amazing apps to make my experience on iPhone & iPad amazing. It’s not too often you come across a dev team that truly cares about the experience their apps provide. This app is no different than the quality of all their apps in their library. The app melts everything into a visually lovely layout & makes catching up to things outside my bubble a breeze. It is so well put together & if this is ground zero today, I can’t wait to see what this app will bring to us in the future. BRAVO!!",app_store,Tapestry,1.0,1,,,,,,,,
12270901449,5,2025-02-04,Great App,"As an early supporter who has been using this app since its beginnings, I enjoy it more and more every update. It is built well. It’s a beautiful app that works like you would expect an Iconfactory app to work. I am subscribed to my RSS feed, YouTube feed, Mastodon, and Bluesky accounts. It works perfect for all of them. Definitely check it out.",app_store,Tapestry,1.0,1,,,,,,,,
12270701936,1,2025-02-04,Missing features,"I wanted to like this app. But: ditch the colors (or provide option for white on black mode), needs full text, and a Mac App. These 3 are deal breakers for me for a paid app.",app_store,Tapestry,1.0,2,,,,,,,,
12270633117,5,2025-02-04,Seems like it could be awesome!,"I just installed the app so I still need to spend some time getting up to speed, but if it can effectively combine socials and the notifications work then it would be great to be able to offload a couple other apps.",app_store,Tapestry,1.0,0,,,,,,,,
12270576893,2,2025-02-04,Can't change font size without paying?,"I can't read the tiny default font/size. Normal OS sizing (cmd plus/minus) doesn't work.   A free tip: make users want to upgrade out of joy, not out of annoyance.",app_store,Tapestry,1.0,1,,,,,,,,
12270364086,2,2025-02-04,Very disappointing,"With as many years of excellence Iconfactory has behind them, this “app” is a disappointment. The authorization process for Micro.blog doesn’t work correctly. Mastodon errors out. Bluesky works, but I had to restart the app to get it to load the feed. And the app for macOS isn’t even native and looks more like a Catalyst or Electron. I expect more from a legendary Mac developer.",app_store,Tapestry,1.0,1,,,,,,,,
12270028738,5,2025-02-04,Just What I Wanted!,"This app is everything I wanted to replace Twitterrific and NetNewsWire! Gives me true integration of everything I use on the net. I’m not a social media junkie, rather a news and blog junkie. This fits the bill wonderfully! Love Iconfactory!",app_store,Tapestry,1.0,0,,,,,,,,
Ci9DQUlRQUNvZENodHljRjlvT20xUVZYZGhRV1EyVEVjMVpsUldhR1JGZVVJdFozYxAB,3.0,2026-06-17,,沒有什麼額外的折扣 沒有比較便宜,google_maps,COACH Outlet,,0,COACH Outlet,"100 Citadel Dr Ste 715, Commerce, CA 90040",Commerce,CA,34.0063385,-118.1529537,4.5,2163
Ci9DQUlRQUNvZENodHljRjlvT2t0ck5IVldaR2haVWpWMlUxQndlbTlLUVV4NVNFRRAB,5.0,2026-06-13,,시타델 아울렛에서 가장 줄이 긴 매장 할인을 엄청 해줘서 저렴하게 가방 하나 구매했습니다!,google_maps,COACH Outlet,,0,COACH Outlet,"100 Citadel Dr Ste 715, Commerce, CA 90040",Commerce,CA,34.0063385,-118.1529537,4.5,2163
Ci9DQUlRQUNvZENodHljRjlvT2pKU1FVOXhTalpHUlVSMFZUWk5TMVpwYm5wcFgyYxAB,1.0,2026-06-12,,Google didn't map it correctly,google_maps,COACH Outlet,,0,COACH Outlet,"100 Citadel Dr Ste 715, Commerce, CA 90040",Commerce,CA,34.0063385,-118.1529537,4.5,2163
Ci9DQUlRQUNvZENodHljRjlvT214V2VtSllhV0Z1TTE5WmMyUlFPRlpXZWpJMk5FRRAB,1.0,2026-06-05,,They messed up my pay by link order and never picked up the phone.,google_maps,COACH Outlet,,0,COACH Outlet,"100 Citadel Dr Ste 715, Commerce, CA 90040",Commerce,CA,34.0063385,-118.1529537,4.5,2163
Ci9DQUlRQUNvZENodHljRjlvT21wMVQxOXZjREEyYms1SFVsbGljbFJaVjNOTFpFRRAB,5.0,2026-06-14,,Got a beautiful crossover bag gift for a cousin. Got him the black one.,google_maps,COACH Outlet,,0,COACH Outlet,"5001 E Expressway 83 Ste 610, Mercedes, TX 78570",Mercedes,TX,26.1624579,-97.88784299999999,4.3,235
Ci9DQUlRQUNvZENodHljRjlvT25selp6Vk9aVWR3VEZCa2NHbG1ibGhDU0daS1MxRRAB,5.0,2026-05-29,,"Everyone is literally so sweet at this location<33 from the moment you walk in, you’re asked if help is needed and I personally felt at no moment sales being pushed. Leslie was so sweet, she helped us find some bags. And Ashlyn was so funny, she a girls girl, she helped us with accessories and making some cute bows with scarfs to go with our bag. Store was very neat, prices were all displayed and associates were everywhere if help was needed, but never “stalking” like other stores do. Highly recommend during the weekdays, very chill experience.",google_maps,COACH Outlet,,0,COACH Outlet,"5001 E Expressway 83 Ste 610, Mercedes, TX 78570",Mercedes,TX,26.1624579,-97.88784299999999,4.3,235
Ci9DQUlRQUNvZENodHljRjlvT25sdGEwZGhYM05zVjJ0M1ZtaEViWGxPY0VsYU1tYxAB,5.0,2026-05-29,,"I had to leave a review for this store. I did a pay by link last week for a bag that was sold out in my area. The girl that answered my call and inputted all my information for the pay by link was extremely kind and warm the entire call! Along with that, I received the bag yesterday and it was wrapped, tapped, and secured in tissue paper and was in perfect condition! I’ve done pay by links at other locations and the bag was pretty much thrown in the box and shipped. I’m so impressed and thankful for the employees at this location! Thank you again for getting me the bag I wanted!",google_maps,COACH Outlet,,0,COACH Outlet,"5001 E Expressway 83 Ste 610, Mercedes, TX 78570",Mercedes,TX,26.1624579,-97.88784299999999,4.3,235
Ci9DQUlRQUNvZENodHljRjlvT2tGSk5Fc3dObVpxUjFKUGJscDZkVk5FTVROSFVWRRAB,5.0,2026-05-20,,love the quality 😍 shoes 😁👟,google_maps,COACH Outlet,,0,COACH Outlet,"5001 E Expressway 83 Ste 610, Mercedes, TX 78570",Mercedes,TX,26.1624579,-97.88784299999999,4.3,235
Ci9DQUlRQUNvZENodHljRjlvT201WVIwVTNSVzl6YkhoMWJHaGtSVEJwYkV3MmFWRRAB,5.0,2026-04-20,,Bought a beautiful bag for a great price and the employees are great. Priscilla and Lizzy both helped us out from beginning to end. Definitely recommend!,google_maps,COACH Outlet,,0,COACH Outlet,"5001 E Expressway 83 Ste 610, Mercedes, TX 78570",Mercedes,TX,26.1624579,-97.88784299999999,4.3,235
Ci9DQUlRQUNvZENodHljRjlvT25KTWRUTlBTMmRhUVhRemRsZ3RSa3BHVkc1NVVWRRAB,5.0,2026-06-05,,"Super super easy experience, I talked to Javier and he knew exactly what I needed to hear and found the exact bag I was looking for, super smooth experience and if I know that Javier is working here in the future, I would not hesitate to come by to talk to him due to his confidence and knowledge within the stores merchandise  10/10 🙌",google_maps,COACH Outlet,,0,COACH Outlet,"4965 International Dr Building 2D01, Space 2A-06, Orlando, FL 32819",Orlando,FL,28.4740796,-81.45170809999999,4.3,456
Ci9DQUlRQUNvZENodHljRjlvT25vMkxXRnVTMUF4U1hOSUxYTklXbXhoU2pkMFRIYxAB,1.0,2026-05-20,,SHAME TO THIS STORE!!! They sent to me bag without leather tag and hand up multiple times with NO HELP AT ALL ! Man you have to LEARN how to speak with your customers,google_maps,COACH Outlet,,0,COACH Outlet,"4965 International Dr Building 2D01, Space 2A-06, Orlando, FL 32819",Orlando,FL,28.4740796,-81.45170809999999,4.3,456
Ci9DQUlRQUNvZENodHljRjlvT20xdE9YQkxSVjk1UWw5cU0zWlJSMVZNYVUxWGVFRRAB,5.0,2026-05-20,,Staff was fast and friendly,google_maps,COACH Outlet,,0,COACH Outlet,"4965 International Dr Building 2D01, Space 2A-06, Orlando, FL 32819",Orlando,FL,28.4740796,-81.45170809999999,4.3,456
Ci9DQUlRQUNvZENodHljRjlvT2pCUGMyTk1ZbEp4UTBvNVVuTkRNbVJWTm1keWEyYxAB,5.0,2026-05-29,,Muy bueno,google_maps,COACH Outlet,,0,COACH Outlet,"40-24 College Point Blvd Unit D04c, Flushing, NY 11354",Flushing,NY,40.757238099999995,-73.836407,4.1,17
Ci9DQUlRQUNvZENodHljRjlvT2toTU5GUklXbWxrYjFGM2VVeFNSVkZtVldrNFRtYxAB,5.0,2026-05-20,,JP was so helpful and would totally purchase from here again! Thanks so much,google_maps,COACH Outlet,,0,COACH Outlet,"40-24 College Point Blvd Unit D04c, Flushing, NY 11354",Flushing,NY,40.757238099999995,-73.836407,4.1,17
Ci9DQUlRQUNvZENodHljRjlvT21aME4zQkdiaTFuWjNneldqZzNTVU5pTW0xU09VRRAB,5.0,2026-05-20,,Rubie was the perfect sales associate that’s help me get that perfect bag I wanted I’m so appreciative of her and her amazing customer service she’s the best . Thanks rubie ❤️,google_maps,COACH Outlet,,0,COACH Outlet,"40-24 College Point Blvd Unit D04c, Flushing, NY 11354",Flushing,NY,40.757238099999995,-73.836407,4.1,17
Ci9DQUlRQUNvZENodHljRjlvT25rMFpqaDRhMTlwTkd0QmRXY3pNMjVVVDJKTVNsRRAB,1.0,2026-05-20,,The employees should be less obvious about following people around.,google_maps,COACH Outlet,,0,COACH Outlet,"40-24 College Point Blvd Unit D04c, Flushing, NY 11354",Flushing,NY,40.757238099999995,-73.836407,4.1,17
Ci9DQUlRQUNvZENodHljRjlvT21GRlpsOTRVWFZ2ZEUxSVMwVXdiVEY2ZWtoUlRrRRAB,3.0,2026-05-20,,"I have mixed feelings about my recent purchases from the Coach Outlet. On the positive side, you truly cannot beat the prices, and I found some really cute styles that fit my budget. The in-store staff were friendly and helpful, and the store itself was well-organized.",google_maps,COACH Outlet,,0,COACH Outlet,"40-24 College Point Blvd Unit D04c, Flushing, NY 11354",Flushing,NY,40.757238099999995,-73.836407,4.1,17
Ci9DQUlRQUNvZENodHljRjlvT2taSVRtazRTRXhhWWxoZlJrRnNaMmxQVDBWM1YxRRAB,1.0,2026-04-20,,"1 cashier, multiple people waiting on line to check out, multiple employees standing around said they couldn't ring or mobile pay. No managers managing the store. Put the stuff i was about to buy down and walked right out of the store. If you want my money, make sure your employees are trained to take it.",google_maps,COACH Outlet,,0,COACH Outlet,"40-24 College Point Blvd Unit D04c, Flushing, NY 11354",Flushing,NY,40.757238099999995,-73.836407,4.1,17
Ci9DQUlRQUNvZENodHljRjlvT2xKTWFuVktTRWd3YTFOemVsaHZkMlZ2U2sxQ1JIYxAB,4.0,2026-06-16,,Just a great spot to grab her something,google_maps,COACH Outlet,,0,COACH Outlet,"Stanley K Tanger Dr 1001 A, Lancaster, PA 17602",Lancaster,PA,40.0235566,-76.220197,4.4,396
Ci9DQUlRQUNvZENodHljRjlvT2tRMWNsOXlObTR4ZWpsNU56WjZSblZ1YlcxbmNXYxAB,5.0,2026-06-14,,Sales Associate Anna is an absolute gem 💎 she has been so patient and helpful. I appreciate her tremendously. If you’re at this location she will be a great help!,google_maps,COACH Outlet,,0,COACH Outlet,"Stanley K Tanger Dr 1001 A, Lancaster, PA 17602",Lancaster,PA,40.0235566,-76.220197,4.4,396
Ci9DQUlRQUNvZENodHljRjlvT2pSM2FtVnBUVkV3ZWtsTFlsbDZWMmROZEhkNFNHYxAB,1.0,2026-04-20,,Mi primera compra en esta tienda fue en septiembre 2025 y ya mi zapato está roto sin aver tenido un accidente al caminar. Al parecer no resisten el agua de una pequeña lluvia,google_maps,COACH Outlet,,0,COACH Outlet,"Stanley K Tanger Dr 1001 A, Lancaster, PA 17602",Lancaster,PA,40.0235566,-76.220197,4.4,396
Ci9DQUlRQUNvZENodHljRjlvT21wa05saFlWMWxaU0V0ME4wOTRPRE4xTm5STlFWRRAB,5.0,2026-03-21,,Excelentes diseños y buenos precios,google_maps,COACH Outlet,,0,COACH Outlet,"Stanley K Tanger Dr 1001 A, Lancaster, PA 17602",Lancaster,PA,40.0235566,-76.220197,4.4,396
Ci9DQUlRQUNvZENodHljRjlvT25SQlVYSXpkMko0U1ZOSWJWbHNSelZvT1c5TmNGRRAB,4.0,2026-06-16,,Ulysses was very kind and even packed our gift for free. Really appreciated the extra effort and friendly attitude. Thank you!,google_maps,COACH Outlet,,0,COACH Outlet,"1650 Premium Outlet Blvd Ste 573, Aurora, IL 60504, United States",Aurora,IL,41.801141099999995,-88.2704292,4.4,797
Ci9DQUlRQUNvZENodHljRjlvT25WMFVVeE9UR3R1WTBGQlZGRTVTemxYWVhkTmJWRRAB,5.0,2026-05-29,,Beautiful customer service and a lot of deals,google_maps,COACH Outlet,,0,COACH Outlet,"1650 Premium Outlet Blvd Ste 573, Aurora, IL 60504, United States",Aurora,IL,41.801141099999995,-88.2704292,4.4,797
Ci9DQUlRQUNvZENodHljRjlvT2tSbGEwMVNSa0Z6VmpkUWNHd3RhRm93U1d0aFZXYxAB,5.0,2026-06-17,,I had a great experience at the outlet. The salesperson was very helpful. I bought two handbags because they had a great selection. Great customer service for a outlet store.,google_maps,COACH Outlet,,0,COACH Outlet,"400 S Wilson Rd #1090, Sunbury, OH 43074",Sunbury,OH,40.260165,-82.92483399999999,4.5,524
Ci9DQUlRQUNvZENodHljRjlvT21FMmJUZDFTV2w0YjBWMmFHaEdlVzk1UzI5cmVFRRAB,5.0,2026-04-20,,I cant tell you enough how helpful everyone is at this location I work with a few different sales associations and its great how knowledgeable everyone is and friendly,google_maps,COACH Outlet,,0,COACH Outlet,"400 S Wilson Rd #1090, Sunbury, OH 43074",Sunbury,OH,40.260165,-82.92483399999999,4.5,524
Ci9DQUlRQUNvZENodHljRjlvT213M1pHNXJabFZLY25kbGNFdGhNMUUyWlcweldYYxAB,5.0,2026-04-20,,Went in there to see if they could help me get this color off my purse. Unfortunately she couldnt. We both were disappointed. But i thanked her for trying. Im just going to buy me another purse.,google_maps,COACH Outlet,,0,COACH Outlet,"400 S Wilson Rd #1090, Sunbury, OH 43074",Sunbury,OH,40.260165,-82.92483399999999,4.5,524
ChdDSUhNMG9nS0VJQ0FnSUR1cE5hOGt3RRAB,5.0,2026-04-20,,Great deals at this location. You won't find these deals at any other coach. Everyone was so kind and helpful!,google_maps,COACH Outlet,,0,COACH Outlet,"400 S Wilson Rd #1090, Sunbury, OH 43074",Sunbury,OH,40.260165,-82.92483399999999,4.5,524
Ci9DQUlRQUNvZENodHljRjlvT205WlZtbEpUa0Z3VWpKWmRVSnBaM1ZRYUU4d1duYxAB,5.0,2026-03-21,,"Great prices on all sorts of Coach products.  Purses, wallets, shoes, clothes, etc.",google_maps,COACH Outlet,,0,COACH Outlet,"400 S Wilson Rd #1090, Sunbury, OH 43074",Sunbury,OH,40.260165,-82.92483399999999,4.5,524
Ci9DQUlRQUNvZENodHljRjlvT2xCNVNEQjRTeTFZWmkxMk5rYzBjWEI2WVZoU2JIYxAB,5.0,2026-06-12,,The service is here is better than most coach stores I've been to.  Good selection.,google_maps,COACH Outlet,,0,COACH Outlet,"800 GA-400 Spc 920, Dawsonville, GA 30534",Dawsonville,GA,34.3590345,-84.04825369999999,4.4,400
Ci9DQUlRQUNvZENodHljRjlvT25aTFZVSmZNVlJZVEhCSVYwNVlXbDlDZUVGRFYzYxAB,5.0,2026-06-05,,Such pleasant and kind people and the store is so relaxing!!!,google_maps,COACH Outlet,,0,COACH Outlet,"800 GA-400 Spc 920, Dawsonville, GA 30534",Dawsonville,GA,34.3590345,-84.04825369999999,4.4,400
Ci9DQUlRQUNvZENodHljRjlvT2xoaVRraHdlRnAxTlVsNk9EVTFUazE0ZFhsTlpVRRAB,5.0,2026-05-29,,"The staff here are incredibly friendly and lovely, and the products from Coach are very high quality. I had a great shopping experience here!",google_maps,COACH Outlet,,0,COACH Outlet,"800 GA-400 Spc 920, Dawsonville, GA 30534",Dawsonville,GA,34.3590345,-84.04825369999999,4.4,400
Ci9DQUlRQUNvZENodHljRjlvT2s1S1dEQmFla2RVY2pCYVZUVTFWR1J4TkdSbVVsRRAB,4.0,2026-05-22,,Coach employees follow/watch  you like a hawk. Even though they got cctvs.,google_maps,COACH Outlet,,0,COACH Outlet,"800 GA-400 Spc 920, Dawsonville, GA 30534",Dawsonville,GA,34.3590345,-84.04825369999999,4.4,400
Ci9DQUlRQUNvZENodHljRjlvT25WU1NITTBOemhvYURaTmJHRXpkRUl6TkZoV1NtYxAB,4.0,2026-05-22,,I love coming to the outlets and the coach store is always on my list of stores to hit. I went in yesterday and Missy was lovely and so helpful both bags I was looking for were unfortunately sold out but missy kept checking the back in new shipment and offered to find other stores willing to ship the bag to me thankfully because of her I was able to get the bag I wanted! she’s so sweet and kind and you should definitely go visit her!,google_maps,COACH Outlet,,0,COACH Outlet,"800 GA-400 Spc 920, Dawsonville, GA 30534",Dawsonville,GA,34.3590345,-84.04825369999999,4.4,400
Ci9DQUlRQUNvZENodHljRjlvT2pOdWRYcGhja2cyVmxWQlZWQkJhVGg0TldaM01WRRAB,5.0,2026-05-20,,Best products with discounted price,google_maps,COACH Outlet,,0,COACH Outlet,"800 GA-400 Spc 920, Dawsonville, GA 30534",Dawsonville,GA,34.3590345,-84.04825369999999,4.4,400
Ci9DQUlRQUNvZENodHljRjlvT2pKemNrUkZXV2xRVG0wMlIzaENXVFJ1WVRFMk1WRRAB,1.0,2026-02-19,,"This review is specifically for Linda.  As a loyal Coach customer, I was highly disappointed in how I was treated by a manager. Not only did she lack the skill to manage, she abandoned her duties when tasked to address issues within her job description.  I have been a consumer of Coach since the 1990s.  Over the years, I have seen product quality and policies change, but customer service has stayed consistently good.  Never had I been so disrespected as I had been on January 6, 2026 by Linda.  Coach, it is shameful that when a customer has several defective items, that they be abandoned the counter in the middle of a transaction, without any explanation.  At a time when I can truly spend my money where I am appreciate and respected, blatant disregard and poor product quality is not the way to retain your Base Buyer and Target Market.  It needs to be remembered that to buy from Coach is a choice, not a necessity.  Coach may loose a loyal customer over a terrible manager and a replacement chain.",google_maps,COACH Outlet,,0,COACH Outlet,"800 GA-400 Spc 920, Dawsonville, GA 30534",Dawsonville,GA,34.3590345,-84.04825369999999,4.4,400
Ci9DQUlRQUNvZENodHljRjlvT2pab1FrZFNVVGxxZVU1dVFVbGFjRTlFZVVKaFExRRAB,5.0,2026-06-05,,Keisha is absolutely amazing! If you need anything go to her! She just made my day!,google_maps,COACH Outlet,,0,COACH Outlet,"4000 Arrowhead Blvd Spc 894, Mebane, NC 27302",Mebane,NC,36.0746207,-79.26642079999999,4,467
Ci9DQUlRQUNvZENodHljRjlvT2xOYVEwUnZla3RWY1Vjd2QzTlBZVWhxVjIxSlFXYxAB,5.0,2026-06-05,,I had 2 identical bags and needed to return one. The process was simple and I even grabbed a few SLGs. Everyone was friendly but not overly aggressive.,google_maps,COACH Outlet,,0,COACH Outlet,"4000 Arrowhead Blvd Spc 894, Mebane, NC 27302",Mebane,NC,36.0746207,-79.26642079999999,4,467
ChZDSUhNMG9nS0VJQ0FnSURtdk9XWlJREAE,5.0,2026-05-29,,Price and discount are pretty good,google_maps,COACH Outlet,,1,COACH Outlet,"4000 Arrowhead Blvd Spc 894, Mebane, NC 27302",Mebane,NC,36.0746207,-79.26642079999999,4,467
Ci9DQUlRQUNvZENodHljRjlvT2xwdmFWQnhaMDlLVnpGek1GcEdZMlpyUjFSdFZVRRAB,5.0,2026-05-20,,Excelent atention and the price is accesible,google_maps,COACH Outlet,,0,COACH Outlet,"4000 Arrowhead Blvd Spc 894, Mebane, NC 27302",Mebane,NC,36.0746207,-79.26642079999999,4,467
Ci9DQUlRQUNvZENodHljRjlvT2pOck9GTlpSbVZKTFRKM1ZXUmZNRXBGVFZCUWJtYxAB,3.0,2026-05-20,,Nothing outstanding.,google_maps,COACH Outlet,,0,COACH Outlet,"4000 Arrowhead Blvd Spc 894, Mebane, NC 27302",Mebane,NC,36.0746207,-79.26642079999999,4,467
Ci9DQUlRQUNvZENodHljRjlvT2xCSk56QklWWFUyY0hKNGFYaEJSV2xYZVdkSVVWRRAB,5.0,2026-05-20,,"Great outlet,  Lors of other shops are there. Prices are reasonable. Worth a visit.",google_maps,COACH Outlet,,0,COACH Outlet,"4000 Arrowhead Blvd Spc 894, Mebane, NC 27302",Mebane,NC,36.0746207,-79.26642079999999,4,467
Ci9DQUlRQUNvZENodHljRjlvT2tORVdsQm9WMkpaWDBWcmVYZFVSekpLWTBjM2NXYxAB,5.0,2026-04-20,,"The ladies at the Mebane location tanger outlet are very nice and welcoming. Store looked amazing, product is nice and organized. I went in just to see if there wasn’t anything left from the powder pink collection and they happen to have one TERRY left. I snatched it up. I also fell in love with another bag that they had put together and unfortunately, I was not able to buy that day, but I did order it just wanted to say thank you to all the ladies at Mebane for the inspiration. I’m in love with all my coach bags. Would be awesome if I could get my hands on a powder pink notebook.",google_maps,COACH Outlet,,0,COACH Outlet,"4000 Arrowhead Blvd Spc 894, Mebane, NC 27302",Mebane,NC,36.0746207,-79.26642079999999,4,467
Ci9DQUlRQUNvZENodHljRjlvT25KTWIxOXVUVjh0VEhoMlJVRnhTbEU0U1VaRFdVRRAB,4.0,2026-06-12,,Staff member Lisa very helpful and positive,google_maps,COACH Outlet,,0,COACH Outlet,"4054 Baldwin Rd Spc #304, Auburn Hills, MI 48326",Auburn Hills,MI,42.702053,-83.301968,4.5,625
Ci9DQUlRQUNvZENodHljRjlvT21aMmNEWk1USGRhZVVKblFYbHRNSGhxZW5KMmRsRRAB,1.0,2026-06-05,,YALL NEVER ANSWER THE PHONE??!! Why??? What type of customer service is that especially if someone wants to see if yall have a purse in stock!!!!!!!,google_maps,COACH Outlet,,0,COACH Outlet,"4054 Baldwin Rd Spc #304, Auburn Hills, MI 48326",Auburn Hills,MI,42.702053,-83.301968,4.5,625
Ci9DQUlRQUNvZENodHljRjlvT25WSmFXMDBSbFF3ZURscFZqVkZaM3BvVW5WU0xYYxAB,5.0,2026-05-29,,best store ever wish i can buy purses here everyday,google_maps,COACH Outlet,,0,COACH Outlet,"4054 Baldwin Rd Spc #304, Auburn Hills, MI 48326",Auburn Hills,MI,42.702053,-83.301968,4.5,625
Ci9DQUlRQUNvZENodHljRjlvT21NMFNUSnZaa3BIVld4cmFVRlpOMjVxYTFFd1ZWRRAB,5.0,2026-05-20,,Great deals,google_maps,COACH Outlet,,0,COACH Outlet,"4054 Baldwin Rd Spc #304, Auburn Hills, MI 48326",Auburn Hills,MI,42.702053,-83.301968,4.5,625
Ci9DQUlRQUNvZENodHljRjlvT2tSall6VnZTR2RxTFVOWVowRnZVR1JhUVRZNGNtYxAB,1.0,2026-05-20,,"The one and only time I went in here I received dirty looks from an older woman employee and instead of being offered assistance got treated like I was going to steal something! First of all, I had on a Micheal kors bag walking in which is similar in price to coach so you really think im going to steal from you? and second of all I had the money for their bags but they were just as tasteless as their choice in employees! After being side eyed and bombarded everywhere I turned while browsing enough times I finally just walked out. Keep Treating your potential customers this way and Im sure they’ll never want to give you their money!",google_maps,COACH Outlet,,0,COACH Outlet,"4054 Baldwin Rd Spc #304, Auburn Hills, MI 48326",Auburn Hills,MI,42.702053,-83.301968,4.5,625
Ci9DQUlRQUNvZENodHljRjlvT2kxTWNqWTBjRlJQUXkwd05FNUNPUzFYYlRKRlEyYxAB,1.0,2026-04-20,,My mom and I have spent thousands of dollars in this store since it opened as we live nearby and today I went in and talked to a heavier set black woman manager about my bag being damaged due to obvious poor quality. I literally used the bag twice and the cherry charm basically had the red coating fragment off when I gently set it on a chair at a restaurant. She was rude as hell and had zero interest in helping me at all. She also didn’t care to give me their customer service number and literally interrogated me as to why my bag accessory was damaged. She was a smart ass too which was great. Horrible customer service and I’ll take my money elsewhere where I’m not treated so poorly. Literally rotten behavior from this woman and she should not be a manager or work in customer service.,google_maps,COACH Outlet,,0,COACH Outlet,"4054 Baldwin Rd Spc #304, Auburn Hills, MI 48326",Auburn Hills,MI,42.702053,-83.301968,4.5,625
Ci9DQUlRQUNvZENodHljRjlvT2s5NVYxaEZURmxXYVdZMVFsWXhPWEYxTVRCQ1dtYxAB,5.0,2026-04-20,,Great prices,google_maps,COACH Outlet,,0,COACH Outlet,"4054 Baldwin Rd Spc #304, Auburn Hills, MI 48326",Auburn Hills,MI,42.702053,-83.301968,4.5,625
Ci9DQUlRQUNvZENodHljRjlvT25od1dtSlVlWFZ6YlRaVVpYUnpRVWRFV1ZkbFpuYxAB,5.0,2026-04-20,,"called to place an order and I think her name was Myra, she really helped me out a lot. Made a few mistakes cuz I never really ordered by phone before but good thing I was still able to buy the things I wanted!",google_maps,COACH Outlet,,0,COACH Outlet,"4054 Baldwin Rd Spc #304, Auburn Hills, MI 48326",Auburn Hills,MI,42.702053,-83.301968,4.5,625
Ci9DQUlRQUNvZENodHljRjlvT21oU1YyYzJNMmxsT1hST1VGcFdjVUZKU2pGVlYxRRAB,5.0,2026-06-19,,"Nadine geat service very sweet and panciante, very welcoming store",google_maps,COACH Outlet,,0,COACH Outlet,"1 Premium Outlets Blvd #201, Tinton Falls, NJ 07753",Tinton Falls,NJ,40.2245226,-74.0949206,4.5,378
Ci9DQUlRQUNvZENodHljRjlvT2xScFgwSkhjSGRUVUdZMU9WbG9lRTlsVVUxMVdtYxAB,5.0,2026-06-18,,Stephany/Stephanie - was honestly amazing! We didn’t find the bag we were looking for and instead of just saying “we don’t have anymore in store  try online” she looked for us in a different stores and also helped us in informing us to call the Jackson location to see if they have the one in the color we needed. I love that! Love her! Got the bag thanks to her ! Never forgetting this ❤️,google_maps,COACH Outlet,,0,COACH Outlet,"1 Premium Outlets Blvd #201, Tinton Falls, NJ 07753",Tinton Falls,NJ,40.2245226,-74.0949206,4.5,378
Ci9DQUlRQUNvZENodHljRjlvT2pocVVXdGZaRWMyT0dGYUxWZERUVzFPUW5aNU5HYxAB,2.0,2026-06-14,,"I recently visited the store..the new store manager was wonderful and super helpful with her recommendations and suggestions and post sales service ..however, her superior ..woman with curly hair..resembles character professor Sybill trelawney, from Harry Potter , has no interest to serve customers post sales.. I recently bought a black tabby (on Friday) from 5th ave nyc, I was so excited that i was making a purchase from a store on 5the ave and trusted that the items from the back/ store warehouse is always in best condition..however, when I opened the bag at home I instantly saw a dent..it broke my heart.. for me it’s an expensive purchase with plenty of savings and thought. And it’s clearly visible.. The super manager behaved as though she couldn’t see the dent at all and kept telling me settle as if it’s nothing. I leave for my home tomorrow morning and instead of spending my time with family I will be heading to the 5the ave store in the hopes for resolution. Lesson learnt- 1) always check item in store and 2) I m not sure this kind of indulgence that comes with this big of a concern is worthwhile 3) Stay away from lady who resembles prof sybill..  Update- the nyc 5th ave store was helpful and sorted all my issues..thank you!!",google_maps,COACH Outlet,,0,COACH Outlet,"1 Premium Outlets Blvd #201, Tinton Falls, NJ 07753",Tinton Falls,NJ,40.2245226,-74.0949206,4.5,378
Ci9DQUlRQUNvZENodHljRjlvT21sdmJFMDRTakpFYzJ0UGFWUXpkVTlrVm5ORGJrRRAB,5.0,2026-06-12,,"Nice, they have a coffee shop now",google_maps,COACH Outlet,,0,COACH Outlet,"1 Premium Outlets Blvd #201, Tinton Falls, NJ 07753",Tinton Falls,NJ,40.2245226,-74.0949206,4.5,378
Ci9DQUlRQUNvZENodHljRjlvT2tSd2JsUjZlbFl3VHpSVVpWZGlUemRLZHpabmRIYxAB,5.0,2026-05-20,,"Had a great experience at the COACH Outlet at Jersey Shore Premium Outlets! Maddie was wonderful, so helpful, and made the experience extra special by doing a monogram tag for me. Great customer service and such a friendly attitude. Thank you, Maddie!",google_maps,COACH Outlet,,0,COACH Outlet,"1 Premium Outlets Blvd #201, Tinton Falls, NJ 07753",Tinton Falls,NJ,40.2245226,-74.0949206,4.5,378
Ci9DQUlRQUNvZENodHljRjlvT25Oc1JtcEhRbTlIYlZSdlRHRTVZVTE0UnpOR01HYxAB,5.0,2026-06-13,,"I recently purchased the Signature Silk Diamond Scarf from Coach and absolutely love it. The quality is beautiful, the silk feels luxurious, and it’s the perfect accessory for my purse.  What made the experience exceptional was the outstanding customer service I received from Belen at the Potomac Mills Coach store. I came in looking for a scarf to accessorize my purse, and she went above and beyond to help me. Belen patiently pulled several scarves for me to consider and even took the time to style them on my purse so I could see how each one looked. Her eye for style, attention to detail, and willingness to help made all the difference.  She was friendly, knowledgeable, and genuinely invested in helping me find the perfect match. Thanks to her expertise, I left with a scarf I absolutely love and a wonderful shopping experience. Thank you, Belen, for your exceptional service!",google_maps,COACH Outlet,,0,COACH Outlet,"2700 Potomac Mills Cir Spc 953, Woodbridge, VA 22192",Woodbridge,VA,38.6433621,-77.29618289999999,4.2,211
Ci9DQUlRQUNvZENodHljRjlvT25oTllqTXRSVFJLVGs5TFZXWXRjRmhqV25sNmVWRRAB,5.0,2026-06-12,,Me gustó mucho la atención que recibí,google_maps,COACH Outlet,,0,COACH Outlet,"2700 Potomac Mills Cir Spc 953, Woodbridge, VA 22192",Woodbridge,VA,38.6433621,-77.29618289999999,4.2,211
Ci9DQUlRQUNvZENodHljRjlvT210dWVGZG1Vbko2Ym5sTkxYcFJTRFZ6YTJaQlQxRRAB,1.0,2026-06-05,,Very rude customer service especially a women named Shazi asked her about shoes price she said “i don’t know” even tho she had scanner in her hand and it’s not like it was really busy. RUDE,google_maps,COACH Outlet,,0,COACH Outlet,"2700 Potomac Mills Cir Spc 953, Woodbridge, VA 22192",Woodbridge,VA,38.6433621,-77.29618289999999,4.2,211
Ci9DQUlRQUNvZENodHljRjlvT25rM1FsSXhNV0ZLU0Zoak5uWkljMnRPTldsR2VsRRAB,5.0,2026-04-20,,"I had such a great experience at Coach thanks to Shaziya! She is always incredibly helpful, kind, and patient every time I come in. She goes above and beyond to make sure I find exactly what I’m looking for and makes the whole shopping experience so much more enjoyable. Her customer service is truly outstanding — she’s knowledgeable, attentive, and genuinely cares about helping customers. It’s because of her that I keep coming back. Highly recommend asking for Shaziya if you visit!",google_maps,COACH Outlet,,0,COACH Outlet,"2700 Potomac Mills Cir Spc 953, Woodbridge, VA 22192",Woodbridge,VA,38.6433621,-77.29618289999999,4.2,211
Ci9DQUlRQUNvZENodHljRjlvT2pkZlprUkNTRzFFZVhOalJsbHFOMUZFYUhsa1YxRRAB,5.0,2026-04-20,,"Extremely wonderful store with very helpful store associates! Donna specifically was incredibly helpful, caring, and dedicated to making sure I was able to order the purse I wanted. 10/10 recommend this store and recommend associate Donna!",google_maps,COACH Outlet,,0,COACH Outlet,"2700 Potomac Mills Cir Spc 953, Woodbridge, VA 22192",Woodbridge,VA,38.6433621,-77.29618289999999,4.2,211
Ci9DQUlRQUNvZENodHljRjlvT25adlJIRjRTRkJUYkZnNVREWm5iVkp4WVdKRWFXYxAB,1.0,2026-04-20,,This Coach outlet store has inferior Coach products. I hardly ever used my wallet and it literally fell apart at the seams. Took it back to complain and they said I “overloaded” it. Well it has 6 slots for cards … and I used 6 slots … so if that is overloading then next time manufacture one with 4 slots Coach. I paid good money for a Coach Product and received an inferior quality Coach product. I don’t recommend shopping at this outlet factor seconds store.,google_maps,COACH Outlet,,0,COACH Outlet,"2700 Potomac Mills Cir Spc 953, Woodbridge, VA 22192",Woodbridge,VA,38.6433621,-77.29618289999999,4.2,211
Ci9DQUlRQUNvZENodHljRjlvT2tOWmNUUTRNM04zVUc1S2RWVndTMVpmYW1seVUxRRAB,5.0,2026-04-20,,Love this place! Mohammed was so wonderful in assisting me with my purse problem! I also love Paulina! Thank you all for all you guys do! What a clean store and kind!,google_maps,COACH Outlet,,0,COACH Outlet,"2700 Potomac Mills Cir Spc 953, Woodbridge, VA 22192",Woodbridge,VA,38.6433621,-77.29618289999999,4.2,211
